#,x1,y1,x2,y2,shape,size,colour
0,561.000000,765.000000,641.000000,501.000000,1,1,0
