#,x1,y1,x2,y2,shape,size,colour
0,326.000000,394.000000,165.000000,193.000000,1,1,0
